--
-- PostgreSQL database dump
--

-- Dumped from database version 14.17 (Homebrew)
-- Dumped by pg_dump version 14.17 (Homebrew)

SET statement_timeout = 0;
SET lock_timeout = 0;
SET idle_in_transaction_session_timeout = 0;
SET client_encoding = 'UTF8';
SET standard_conforming_strings = on;
SELECT pg_catalog.set_config('search_path', '', false);
SET check_function_bodies = false;
SET xmloption = content;
SET client_min_messages = warning;
SET row_security = off;

SET default_tablespace = '';

SET default_table_access_method = heap;

--
-- Name: Beverages; Type: TABLE; Schema: public; Owner: postgres
--

CREATE TABLE public."Beverages" (
    id integer NOT NULL,
    name text,
    price integer,
    pics text,
    active boolean
);


ALTER TABLE public."Beverages" OWNER TO postgres;

--
-- Name: Beverages_id_seq; Type: SEQUENCE; Schema: public; Owner: postgres
--

ALTER TABLE public."Beverages" ALTER COLUMN id ADD GENERATED BY DEFAULT AS IDENTITY (
    SEQUENCE NAME public."Beverages_id_seq"
    START WITH 1
    INCREMENT BY 1
    NO MINVALUE
    NO MAXVALUE
    CACHE 1
);


--
-- Name: OrderDrinks; Type: TABLE; Schema: public; Owner: postgres
--

CREATE TABLE public."OrderDrinks" (
    id integer NOT NULL,
    orderid integer NOT NULL,
    beverageid integer NOT NULL,
    piece integer NOT NULL
);


ALTER TABLE public."OrderDrinks" OWNER TO postgres;

--
-- Name: OrderDrinks_id_seq; Type: SEQUENCE; Schema: public; Owner: postgres
--

ALTER TABLE public."OrderDrinks" ALTER COLUMN id ADD GENERATED BY DEFAULT AS IDENTITY (
    SEQUENCE NAME public."OrderDrinks_id_seq"
    START WITH 1
    INCREMENT BY 1
    NO MINVALUE
    NO MAXVALUE
    CACHE 1
);


--
-- Name: Orders; Type: TABLE; Schema: public; Owner: postgres
--

CREATE TABLE public."Orders" (
    id integer NOT NULL,
    notes text,
    roomid integer NOT NULL,
    "Status" integer NOT NULL,
    "UserId" integer
);


ALTER TABLE public."Orders" OWNER TO postgres;

--
-- Name: Orders_id_seq; Type: SEQUENCE; Schema: public; Owner: postgres
--

ALTER TABLE public."Orders" ALTER COLUMN id ADD GENERATED BY DEFAULT AS IDENTITY (
    SEQUENCE NAME public."Orders_id_seq"
    START WITH 1
    INCREMENT BY 1
    NO MINVALUE
    NO MAXVALUE
    CACHE 1
);


--
-- Name: Rooms; Type: TABLE; Schema: public; Owner: postgres
--

CREATE TABLE public."Rooms" (
    id integer NOT NULL,
    name text
);


ALTER TABLE public."Rooms" OWNER TO postgres;

--
-- Name: Rooms_id_seq; Type: SEQUENCE; Schema: public; Owner: postgres
--

ALTER TABLE public."Rooms" ALTER COLUMN id ADD GENERATED BY DEFAULT AS IDENTITY (
    SEQUENCE NAME public."Rooms_id_seq"
    START WITH 1
    INCREMENT BY 1
    NO MINVALUE
    NO MAXVALUE
    CACHE 1
);


--
-- Name: Users; Type: TABLE; Schema: public; Owner: postgres
--

CREATE TABLE public."Users" (
    "Id" integer NOT NULL,
    "Username" character varying(50) NOT NULL,
    "PasswordHash" text NOT NULL,
    "Role" integer NOT NULL,
    "TicketCount" integer NOT NULL,
    "IsActive" boolean NOT NULL
);


ALTER TABLE public."Users" OWNER TO postgres;

--
-- Name: Users_Id_seq; Type: SEQUENCE; Schema: public; Owner: postgres
--

ALTER TABLE public."Users" ALTER COLUMN "Id" ADD GENERATED BY DEFAULT AS IDENTITY (
    SEQUENCE NAME public."Users_Id_seq"
    START WITH 1
    INCREMENT BY 1
    NO MINVALUE
    NO MAXVALUE
    CACHE 1
);


--
-- Name: __EFMigrationsHistory; Type: TABLE; Schema: public; Owner: postgres
--

CREATE TABLE public."__EFMigrationsHistory" (
    "MigrationId" character varying(150) NOT NULL,
    "ProductVersion" character varying(32) NOT NULL
);


ALTER TABLE public."__EFMigrationsHistory" OWNER TO postgres;

--
-- Data for Name: Beverages; Type: TABLE DATA; Schema: public; Owner: postgres
--

COPY public."Beverages" (id, name, price, pics, active) FROM stdin;
2	Kahve	30		t
1	Çay	10		t
4	Kuşburnu	30		t
3	Ihlamur	25		f
\.


--
-- Data for Name: OrderDrinks; Type: TABLE DATA; Schema: public; Owner: postgres
--

COPY public."OrderDrinks" (id, orderid, beverageid, piece) FROM stdin;
1	1	1	1
2	1	2	1
3	2	1	1
4	3	2	2
5	4	1	4
6	5	2	5
7	6	1	1
8	7	1	2
9	7	2	1
10	8	1	1
11	8	2	2
12	9	1	2
13	9	2	1
14	10	1	2
15	11	2	1
16	12	1	1
17	13	2	1
18	14	1	2
19	15	2	1
20	15	1	2
21	16	2	3
22	16	1	1
23	17	1	1
24	18	1	1
25	19	1	1
26	20	1	1
27	21	1	2
28	22	1	2
29	23	1	2
30	24	2	3
31	25	1	1
32	26	2	1
33	27	4	1
34	27	3	1
35	28	2	1
36	29	2	1
37	29	1	1
38	30	1	1
39	30	4	1
40	31	2	1
41	32	2	1
42	32	3	2
43	33	2	1
44	33	3	2
\.


--
-- Data for Name: Orders; Type: TABLE DATA; Schema: public; Owner: postgres
--

COPY public."Orders" (id, notes, roomid, "Status", "UserId") FROM stdin;
1	Asdf	1	1	2
2		2	2	2
3		1	1	2
4		2	1	2
5		2	1	2
6		2	1	2
7		2	1	2
8		2	1	2
9		2	1	2
10		2	1	2
11		1	1	2
12		1	1	2
13		2	1	2
14		1	1	2
20	Asdf | Toplam: 10 fiş	1	1	2
15		2	1	2
16		1	1	2
17		1	2	2
18		1	1	2
19		1	2	2
27		3	0	2
21	Toplam: 20 fiş	2	1	2
22	Toplam: 20 fiş	2	2	2
28		2	0	2
29		2	0	2
30	Asfe	2	0	2
31		2	0	2
23		1	1	2
24		2	2	2
32	assassins	1	0	2
33		3	0	2
25		2	2	2
26		1	1	2
\.


--
-- Data for Name: Rooms; Type: TABLE DATA; Schema: public; Owner: postgres
--

COPY public."Rooms" (id, name) FROM stdin;
2	Oda 2
3	Oda 3
1	Oda 1
\.


--
-- Data for Name: Users; Type: TABLE DATA; Schema: public; Owner: postgres
--

COPY public."Users" ("Id", "Username", "PasswordHash", "Role", "TicketCount", "IsActive") FROM stdin;
1	string	$2a$11$vc4gfD7puRC0PV/5sWrdJ.M9EKp2dRBYRy10FYk7oOG.lorFGP0CO	0	0	t
2	kullanıcı	$2a$11$ugVcZ7flwpPwyNOw1Fs3YeMky6b93vwzmQaOvnbeA/UxZHbpcJWlu	1	899	t
\.


--
-- Data for Name: __EFMigrationsHistory; Type: TABLE DATA; Schema: public; Owner: postgres
--

COPY public."__EFMigrationsHistory" ("MigrationId", "ProductVersion") FROM stdin;
20250219140141_InitialCreate	8.0.2
\.


--
-- Name: Beverages_id_seq; Type: SEQUENCE SET; Schema: public; Owner: postgres
--

SELECT pg_catalog.setval('public."Beverages_id_seq"', 4, true);


--
-- Name: OrderDrinks_id_seq; Type: SEQUENCE SET; Schema: public; Owner: postgres
--

SELECT pg_catalog.setval('public."OrderDrinks_id_seq"', 44, true);


--
-- Name: Orders_id_seq; Type: SEQUENCE SET; Schema: public; Owner: postgres
--

SELECT pg_catalog.setval('public."Orders_id_seq"', 33, true);


--
-- Name: Rooms_id_seq; Type: SEQUENCE SET; Schema: public; Owner: postgres
--

SELECT pg_catalog.setval('public."Rooms_id_seq"', 3, true);


--
-- Name: Users_Id_seq; Type: SEQUENCE SET; Schema: public; Owner: postgres
--

SELECT pg_catalog.setval('public."Users_Id_seq"', 2, true);


--
-- Name: Beverages PK_Beverages; Type: CONSTRAINT; Schema: public; Owner: postgres
--

ALTER TABLE ONLY public."Beverages"
    ADD CONSTRAINT "PK_Beverages" PRIMARY KEY (id);


--
-- Name: OrderDrinks PK_OrderDrinks; Type: CONSTRAINT; Schema: public; Owner: postgres
--

ALTER TABLE ONLY public."OrderDrinks"
    ADD CONSTRAINT "PK_OrderDrinks" PRIMARY KEY (id);


--
-- Name: Orders PK_Orders; Type: CONSTRAINT; Schema: public; Owner: postgres
--

ALTER TABLE ONLY public."Orders"
    ADD CONSTRAINT "PK_Orders" PRIMARY KEY (id);


--
-- Name: Rooms PK_Rooms; Type: CONSTRAINT; Schema: public; Owner: postgres
--

ALTER TABLE ONLY public."Rooms"
    ADD CONSTRAINT "PK_Rooms" PRIMARY KEY (id);


--
-- Name: Users PK_Users; Type: CONSTRAINT; Schema: public; Owner: postgres
--

ALTER TABLE ONLY public."Users"
    ADD CONSTRAINT "PK_Users" PRIMARY KEY ("Id");


--
-- Name: __EFMigrationsHistory PK___EFMigrationsHistory; Type: CONSTRAINT; Schema: public; Owner: postgres
--

ALTER TABLE ONLY public."__EFMigrationsHistory"
    ADD CONSTRAINT "PK___EFMigrationsHistory" PRIMARY KEY ("MigrationId");


--
-- Name: IX_OrderDrinks_beverageid; Type: INDEX; Schema: public; Owner: postgres
--

CREATE INDEX "IX_OrderDrinks_beverageid" ON public."OrderDrinks" USING btree (beverageid);


--
-- Name: IX_OrderDrinks_orderid; Type: INDEX; Schema: public; Owner: postgres
--

CREATE INDEX "IX_OrderDrinks_orderid" ON public."OrderDrinks" USING btree (orderid);


--
-- Name: IX_Orders_UserId; Type: INDEX; Schema: public; Owner: postgres
--

CREATE INDEX "IX_Orders_UserId" ON public."Orders" USING btree ("UserId");


--
-- Name: OrderDrinks FK_OrderDrinks_Beverages_beverageid; Type: FK CONSTRAINT; Schema: public; Owner: postgres
--

ALTER TABLE ONLY public."OrderDrinks"
    ADD CONSTRAINT "FK_OrderDrinks_Beverages_beverageid" FOREIGN KEY (beverageid) REFERENCES public."Beverages"(id) ON DELETE RESTRICT;


--
-- Name: OrderDrinks FK_OrderDrinks_Orders_orderid; Type: FK CONSTRAINT; Schema: public; Owner: postgres
--

ALTER TABLE ONLY public."OrderDrinks"
    ADD CONSTRAINT "FK_OrderDrinks_Orders_orderid" FOREIGN KEY (orderid) REFERENCES public."Orders"(id) ON DELETE RESTRICT;


--
-- Name: Orders FK_Orders_Users_UserId; Type: FK CONSTRAINT; Schema: public; Owner: postgres
--

ALTER TABLE ONLY public."Orders"
    ADD CONSTRAINT "FK_Orders_Users_UserId" FOREIGN KEY ("UserId") REFERENCES public."Users"("Id") ON DELETE RESTRICT;


--
-- PostgreSQL database dump complete
--

